id,url,question,model_answer,model_name
140420,http://images.cocodataset.org/val2017/000000140420.jpg,Is the bike in a state of disrepair or does it appear ready to ride?,"The motorcycle appears to be in a state of readiness, with no visible signs of disrepair.",llama-3.2-90b
237864,http://images.cocodataset.org/val2017/000000237864.jpg,What appears to be the relationship between the elephant and the dog in the image?,"The elephant and the dog appear to be in a playful chase, with the dog likely initiating the interaction and the elephant responding with a gentle pursuit.",llama-3.2-90b
181753,http://images.cocodataset.org/val2017/000000181753.jpg,Is the room depicted in the image a part of a home or a commercial space?,The room depicted in the image appears to be a part of a home.,llama-3.2-90b
252219,http://images.cocodataset.org/val2017/000000252219.jpg,What is the location of the city where the scene is taking place?,"The scene is taking place in New York City, specifically in Manhattan.",llama-3.2-90b
108440,http://images.cocodataset.org/val2017/000000108440.jpg,What type of cargo or passengers does the train appear to be carrying?,The train appears to be carrying no cargo or passengers.,llama-3.2-90b
224337,http://images.cocodataset.org/val2017/000000224337.jpg,What appears to be the expression or emotion on the man's face as he holds the piece of bread in his mouth?,"The man's expression appears to be one of boredom or disinterest, as he holds the piece of bread in his mouth.",llama-3.2-90b
499109,http://images.cocodataset.org/val2017/000000499109.jpg,What is the type of cuisine or meal that this sandwich is typically associated with?,"The sandwich is typically associated with American cuisine, specifically a club sandwich.",llama-3.2-90b
28285,http://images.cocodataset.org/val2017/000000028285.jpg,What is the name or significance of the building with the clock tower?,The image does not provide enough information to identify the name or significance of the building with the clock tower.,llama-3.2-90b
454750,http://images.cocodataset.org/val2017/000000454750.jpg,What appears to be the reason or context for the zebras' unusual head-resting behavior?,"The zebras appear to be in a field, and the one on the left is resting its head on the other's back, possibly indicating a moment of relaxation or affection between the two animals.",llama-3.2-90b
412240,http://images.cocodataset.org/val2017/000000412240.jpg,What is the puppy's apparent interest in the pair of shoes?,"The puppy is sitting on a pair of shoes, indicating that it may be interested in them as a place to rest or play.",llama-3.2-90b
441286,http://images.cocodataset.org/val2017/000000441286.jpg,What sport or activity is the person participating in?,The person is participating in surfing.,llama-3.2-90b
568213,http://images.cocodataset.org/val2017/000000568213.jpg,Is the man playing with someone else in the field or by himself?,The man is playing with someone else in the field.,llama-3.2-90b
414034,http://images.cocodataset.org/val2017/000000414034.jpg,What is the little boy watching on the TV?,The image is not meant to be used for reading text in the image.,llama-3.2-90b
459634,http://images.cocodataset.org/val2017/000000459634.jpg,"What type of vehicle is it likely to be, based on the presence of a metal rack and an antennae?",It is likely to be a motorcycle.,llama-3.2-90b
66635,http://images.cocodataset.org/val2017/000000066635.jpg,Is the person using the computer present in the image?,The person using the computer is not visible in the image.,llama-3.2-90b
343706,http://images.cocodataset.org/val2017/000000343706.jpg,What pattern or design is used in the crocheted phone case?,The crocheted phone case features a colorful fishnet pattern.,llama-3.2-90b
357238,http://images.cocodataset.org/val2017/000000357238.jpg,What is the weather like in the background while the person is flying the kite?,The weather is partly cloudy with a light blue sky.,llama-3.2-90b
553664,http://images.cocodataset.org/val2017/000000553664.jpg,Is the laptop turned on or off in the image?,The laptop is turned off in the image.,llama-3.2-90b
258388,http://images.cocodataset.org/val2017/000000258388.jpg,Is the man lighting the spray can trying to set the skateboarder on fire or is it part of a stunt or trick?,"The man is not trying to set the skateboarder on fire, but rather, he is part of a stunt or trick.",llama-3.2-90b
222094,http://images.cocodataset.org/val2017/000000222094.jpg,Why is a stop sign placed in a seemingly remote and rocky field?,"The stop sign is placed in a seemingly remote and rocky field to alert drivers to the presence of a road or intersection, ensuring their safety and the safety of others.",llama-3.2-90b
281179,http://images.cocodataset.org/val2017/000000281179.jpg,Is the street in a city or a small town?,"The street appears to be in a small town, as evidenced by the lack of tall buildings and the presence of a Christmas tree, which is often a feature of smaller towns.",llama-3.2-90b
260106,http://images.cocodataset.org/val2017/000000260106.jpg,What appears to be the occasion or event that is taking place in the background?,The occasion or event that is taking place in the background appears to be a horse jumping competition.,llama-3.2-90b
162543,http://images.cocodataset.org/val2017/000000162543.jpg,What type of enclosure or habitat is provided for the elephants in the zoo?,The elephants are kept in a fenced enclosure.,llama-3.2-90b
366199,http://images.cocodataset.org/val2017/000000366199.jpg,Is the small cat sleeping under the blankets?,"The cat is not sleeping, it is looking at the camera.",llama-3.2-90b
329323,http://images.cocodataset.org/val2017/000000329323.jpg,What is the item being unwrapped?,The item being unwrapped is a body.,llama-3.2-90b
157601,http://images.cocodataset.org/val2017/000000157601.jpg,What type of drink is the woman having with her sandwich?,The woman is having a hot drink with her sandwich.,llama-3.2-90b
447314,http://images.cocodataset.org/val2017/000000447314.jpg,What is the relationship between the woman and the young child?,The woman is the mother of the young child.,llama-3.2-90b
489764,http://images.cocodataset.org/val2017/000000489764.jpg,Are they competing against each other in the video game?,It appears they are competing against each other in the video game.,llama-3.2-90b
1818,http://images.cocodataset.org/val2017/000000001818.jpg,What is the environment or setting where the baby zebra is nursing from its mother?,The baby zebra is nursing from its mother in a grassy field.,llama-3.2-90b
368982,http://images.cocodataset.org/val2017/000000368982.jpg,What appears to be the person's intention or activity with the scissors and fabric?,"The person appears to be crafting or sewing, as indicated by the presence of scissors and fabric.",llama-3.2-90b
550349,http://images.cocodataset.org/val2017/000000550349.jpg,What appears to be the destination or purpose of the orange bus?,The bus is headed to Burbank Station.,llama-3.2-90b
112110,http://images.cocodataset.org/val2017/000000112110.jpg,"What is the person doing with the briefcase, or is it just an obstacle?",The person is standing on the briefcase.,llama-3.2-90b
532129,http://images.cocodataset.org/val2017/000000532129.jpg,What toppings can be seen on the pizza?,The pizza has cheese as its topping.,llama-3.2-90b
220732,http://images.cocodataset.org/val2017/000000220732.jpg,Is the bus empty or are there passengers inside?,There is an image of a woman inside the bus.,llama-3.2-90b
275749,http://images.cocodataset.org/val2017/000000275749.jpg,What activity or task appears to be the focus of the group of people around the computer monitors?,"The group of people around the computer monitors appears to be engaged in a party or social gathering, rather than focusing on a specific activity or task related to the computers.",llama-3.2-90b
176778,http://images.cocodataset.org/val2017/000000176778.jpg,What is the cat doing next to the bathtub?,The cat is drinking water from the bathtub.,llama-3.2-90b
407083,http://images.cocodataset.org/val2017/000000407083.jpg,Is the car moving or parked?,The car is moving.,llama-3.2-90b
215723,http://images.cocodataset.org/val2017/000000215723.jpg,What are the workers doing under the fluorescent orange umbrella?,"The workers under the fluorescent orange umbrella appear to be discussing something, possibly related to their work or a project they are undertaking.",llama-3.2-90b
509719,http://images.cocodataset.org/val2017/000000509719.jpg,What type of bird is it and is it injured or just resting on the ground?,"The bird in the image appears to be a young peacock, and it seems to be resting on the ground rather than being injured.",llama-3.2-90b
3845,http://images.cocodataset.org/val2017/000000003845.jpg,What type of meal or cuisine is on the plate?,"The meal on the plate is stir-fried vegetables and chicken with rice, which appears to be a Chinese dish.",llama-3.2-90b
2153,http://images.cocodataset.org/val2017/000000002153.jpg,Is the male tennis player preparing to serve or waiting for the opponent's serve?,"The image does not depict a tennis player. The image shows a baseball player preparing to bat, not a tennis player.",llama-3.2-90b
541773,http://images.cocodataset.org/val2017/000000541773.jpg,What appears to be the occasion or event with multiple glasses of wine on the table?,"The occasion appears to be a casual gathering or dinner party, as indicated by the presence of multiple glasses of wine on the table.",llama-3.2-90b
161128,http://images.cocodataset.org/val2017/000000161128.jpg,What is the original intended message or warning on the traffic sign before it was vandalized?,"The original intended message or warning on the traffic sign before it was vandalized was likely ""No Horns"".",llama-3.2-90b
186938,http://images.cocodataset.org/val2017/000000186938.jpg,What type of bird is standing in the sand?,The bird standing in the sand is a Snowy Plover.,llama-3.2-90b
33759,http://images.cocodataset.org/val2017/000000033759.jpg,Is the boy hitting the baseball in a professional game or just practicing his swing?,The boy is just practicing his swing.,llama-3.2-90b
309678,http://images.cocodataset.org/val2017/000000309678.jpg,What type of cuisine are the sauce-covered foods on the tray?,The cuisine is Italian.,llama-3.2-90b
29397,http://images.cocodataset.org/val2017/000000029397.jpg,What does the sign next to the man say?,"The sign next to the man says, ""WEINER You've Got To Be Sitting ME!!!""",llama-3.2-90b
61471,http://images.cocodataset.org/val2017/000000061471.jpg,How old is the puppy in the image?,"The age of the puppy is uncertain, although it appears to be a young puppy, likely between 3 and 6 months old, based on its size and physical characteristics.",llama-3.2-90b
7888,http://images.cocodataset.org/val2017/000000007888.jpg,Is the pedestal clock located indoors or outdoors in the rainy sky?,The pedestal clock is located outdoors in the rainy sky.,llama-3.2-90b
161642,http://images.cocodataset.org/val2017/000000161642.jpg,What style or era is the clock from?,The clock is from the 2013 era.,llama-3.2-90b
127517,http://images.cocodataset.org/val2017/000000127517.jpg,Is the location in the caption a popular surfing spot?,"The image does not contain a location in the caption, so it is not possible to determine if it is a popular surfing spot.",llama-3.2-90b
217614,http://images.cocodataset.org/val2017/000000217614.jpg,What appears to be the giraffe's activity or behavior in the brush near the trees?,"The giraffe appears to be standing still, possibly surveying its surroundings or resting.",llama-3.2-90b
137950,http://images.cocodataset.org/val2017/000000137950.jpg,What type of plane is depicted in the old photograph?,The plane depicted in the old photograph is a Douglas DC-2.,llama-3.2-90b
186345,http://images.cocodataset.org/val2017/000000186345.jpg,"Are the sea horses in their natural habitat or in a controlled environment, such as an aquarium?","The sea horses in the image are in a controlled environment, such as an aquarium.",llama-3.2-90b
573258,http://images.cocodataset.org/val2017/000000573258.jpg,Is the woman actively skiing or standing still in the image?,The woman is standing still in the image.,llama-3.2-90b
400082,http://images.cocodataset.org/val2017/000000400082.jpg,"Are the boxes of takeout food being eaten by someone, or are they unattended?",The boxes of takeout food appear to be unattended.,llama-3.2-90b
537241,http://images.cocodataset.org/val2017/000000537241.jpg,Is the cinnamon roll homemade or store-bought?,It is unclear whether the cinnamon roll is homemade or store-bought.,llama-3.2-90b
103723,http://images.cocodataset.org/val2017/000000103723.jpg,What is the woman's expression or reaction as she watches the elephant?,"The woman's expression is not visible, as the photo is taken from behind her.",llama-3.2-90b
350122,http://images.cocodataset.org/val2017/000000350122.jpg,What city or country is the bus station located in?,The bus station is located in Germany.,llama-3.2-90b
293474,http://images.cocodataset.org/val2017/000000293474.jpg,What is the type of storefront visible in the background near the fire hydrant?,The storefront visible in the background near the fire hydrant is a used bookstore.,llama-3.2-90b
