relevance,coherence,clarity,image_url,accuracy,f1_score
"The answer 'The person is riding the motorbike on a dirt road.' is highly relevant to the question 'What is the person doing on the motorbike?'. It directly addresses the action of the person in relation to the motorbike, specifying that they are riding it. The additional detail about the dirt road provides context but is not necessary for answering the question. Overall, the answer effectively conveys the main action being performed.","The answer ""The person is riding the motorbike on a dirt road."" is coherent in response to the question ""What is the person doing on the motorbike?"" It directly addresses the action of the person (riding) and provides additional context (on a dirt road) that enhances the understanding of the situation. Overall, the answer is relevant and logically connected to the question asked.","The answer ""The person is riding the motorbike on a dirt road."" is clear and directly addresses the question ""What is the person doing on the motorbike?"" It specifies the action (riding) and provides additional context (on a dirt road), which enhances understanding. Overall, the clarity of the answer is good.",http://images.cocodataset.org/train2017/000000391895.jpg,,
"The answer 'The woman is cutting a large white sheet cake.' is highly relevant to the question 'What is the woman doing in the image?'. It directly describes the action of the woman in the image, providing a clear and specific response to the inquiry about her activity.","The answer 'The woman is cutting a large white sheet cake.' is coherent in response to the question 'What is the woman doing in the image?'. It directly addresses the action of the woman and provides specific details about what she is doing (cutting) and the object involved (a large white sheet cake). The information is clear and relevant, making it a suitable response to the question.","The answer ""The woman is cutting a large white sheet cake."" is clear and directly addresses the question ""What is the woman doing in the image?"". It provides specific information about the action (cutting) and the object involved (a large white sheet cake), which helps the reader understand exactly what the woman is doing. Overall, the clarity of the answer is high.",http://images.cocodataset.org/train2017/000000522418.jpg,,
"The answer 'The boy is holding an umbrella and touching the horn of a cow.' is relevant to the question 'What is the boy doing with the animal?' because it describes an action the boy is taking in relation to the animal (the cow). It specifies that the boy is touching the cow's horn, which directly answers the question about his interaction with the animal. The mention of the umbrella, while not directly related to the interaction with the cow, does not detract from the relevance of the main action described. Overall, the answer is relevant.","The answer ""The boy is holding an umbrella and touching the horn of a cow."" is somewhat coherent in relation to the question ""What is the boy doing with the animal?"" 

The phrase ""touching the horn of a cow"" directly addresses the interaction between the boy and the animal, which is relevant to the question. However, the mention of the umbrella seems unrelated to the specific action with the animal, which could lead to some confusion. 

Overall, while the answer provides relevant information about the boy's interaction with the cow, the inclusion of the umbrella detracts from the focus on the animal. Therefore, the coherence is moderate; it answers the question but could be clearer by omitting unrelated details.","The answer ""The boy is holding an umbrella and touching the horn of a cow."" provides some information about the boy's actions, but it may not be entirely clear in the context of the question. The question specifically asks about what the boy is doing with the animal (the cow), and while the answer mentions that he is ""touching the horn of a cow,"" it also includes the detail about holding an umbrella, which is not directly relevant to the question. 

To improve clarity, the answer could focus more on the interaction between the boy and the cow. A clearer response might be: ""The boy is touching the horn of the cow."" This directly addresses the question without extraneous information. 

Overall, while the answer does provide some relevant information, it could be clearer and more focused on the specific action related to the animal.",http://images.cocodataset.org/train2017/000000184613.jpg,,
"The answer 'The boy is listening to something on the computer while wearing headphones.' is somewhat relevant to the question 'What is the boy using the computer for?'. It provides information about an activity (listening) that the boy is engaged in while using the computer. However, it does not explicitly state the purpose or specific activity related to the computer use, such as whether he is listening to music, watching a video, or something else. Therefore, while it gives a partial insight into his use of the computer, it does not fully answer the question. Overall, it is relevant but not completely satisfactory.","The answer ""The boy is listening to something on the computer while wearing headphones."" is somewhat coherent in relation to the question ""What is the boy using the computer for?"" It provides information about an activity the boy is engaged in while using the computer, specifically listening to something. However, it does not directly answer the question about the purpose of using the computer. 

A more coherent response would specify what the boy is listening to or how it relates to his use of the computer, such as ""The boy is using the computer to listen to music"" or ""The boy is using the computer to watch a video."" Overall, while the answer is relevant, it lacks directness in addressing the specific question asked.","The answer ""The boy is listening to something on the computer while wearing headphones"" provides some information about what the boy is doing with the computer, specifically that he is listening to something. However, it does not directly answer the question ""What is the boy using the computer for?"" because it does not specify the purpose or activity related to the computer use beyond listening. 

For improved clarity, the answer could explicitly state that the boy is using the computer to listen to audio, music, or a video, which would directly address the question. Overall, while the answer gives some context, it lacks specificity regarding the purpose of the computer use.",http://images.cocodataset.org/train2017/000000318219.jpg,,
"The answer 'The children are sitting at desks using computers.' is highly relevant to the question 'What are the children doing in the room?'. It directly describes the activity the children are engaged in, providing a clear and specific response to the inquiry about their actions in the room.","The answer ""The children are sitting at desks using computers."" is coherent in response to the question ""What are the children doing in the room?"" It directly addresses the question by providing specific information about the children's activity (sitting at desks) and the tools they are using (computers). The response is clear and relevant, making it a suitable answer to the question asked.","The answer ""The children are sitting at desks using computers."" is clear and directly addresses the question ""What are the children doing in the room?"" It provides specific information about the children's activity (sitting at desks) and the tools they are using (computers). Overall, the response effectively conveys the intended meaning without ambiguity.",http://images.cocodataset.org/train2017/000000554625.jpg,,
,,,,0.0,0.0
